sample_id,split,dataset_source,language,ground_truth_department,predicted_department,department_confidence,department_entropy,department_correct,ground_truth_severity,predicted_severity,severity_confidence,severity_entropy,severity_correct,entropy
sample_0,train,unknown,unknown,UNKNOWN,SURGERY,0.12961295247077942,2.496361017227173,,S3,S4,0.3192947208881378,1.5410113334655762,False,4.037372589111328
sample_1,train,unknown,unknown,UNKNOWN,SURGERY,0.12759162485599518,2.4722111225128174,,S4,S3,0.3031179904937744,1.5325136184692383,False,4.004724502563477
sample_2,train,unknown,unknown,UNKNOWN,GI,0.15072818100452423,2.474660873413086,,S3,S5,0.2766793370246887,1.5475184917449951,False,4.02217960357666
sample_3,train,unknown,unknown,UNKNOWN,ENT_OPHTHALMO,0.13734528422355652,2.5025062561035156,,S3,S1,0.2688405513763428,1.5828797817230225,False,4.085386276245117
sample_4,train,unknown,unknown,UNKNOWN,GEN_MED,0.1389613002538681,2.493652105331421,,S3,S1,0.29073280096054077,1.5512850284576416,False,4.0449371337890625
sample_5,train,unknown,unknown,UNKNOWN,SURGERY,0.16872330009937286,2.435678482055664,,S3,S3,0.27820122241973877,1.582820177078247,True,4.018498420715332
sample_6,train,unknown,unknown,UNKNOWN,OBGYN,0.18414908647537231,2.4370603561401367,,S3,S4,0.3238714635372162,1.5425097942352295,False,3.979570150375366
sample_7,train,unknown,unknown,UNKNOWN,OBGYN,0.11887146532535553,2.515730381011963,,S3,S3,0.27380216121673584,1.5546517372131348,True,4.070382118225098
sample_8,train,unknown,unknown,UNKNOWN,GI,0.15082795917987823,2.4745230674743652,,S3,S5,0.2767488360404968,1.547607421875,False,4.022130489349365
sample_9,train,unknown,unknown,UNKNOWN,PSYCH,0.14348633587360382,2.506408929824829,,S3,S1,0.33857059478759766,1.5453767776489258,False,4.051785469055176
sample_10,train,unknown,unknown,UNKNOWN,GEN_MED,0.12574473023414612,2.4904251098632812,,S3,S3,0.2705448865890503,1.5846320390701294,True,4.075057029724121
sample_11,train,unknown,unknown,UNKNOWN,SURGERY,0.13146750628948212,2.482041358947754,,S3,S1,0.29492390155792236,1.5366497039794922,False,4.018691062927246
sample_12,train,unknown,unknown,UNKNOWN,SURGERY,0.16556324064731598,2.4735376834869385,,S3,S5,0.28562286496162415,1.5148811340332031,False,3.9884188175201416
sample_13,train,unknown,unknown,UNKNOWN,SURGERY,0.17264926433563232,2.4051105976104736,,S3,S3,0.3243269622325897,1.5426671504974365,True,3.94777774810791
sample_14,train,unknown,unknown,UNKNOWN,OBGYN,0.1624455749988556,2.449503183364868,,S3,S4,0.3162570297718048,1.504770040512085,False,3.954273223876953
sample_15,train,unknown,unknown,UNKNOWN,SURGERY,0.1801171749830246,2.4461147785186768,,S3,S3,0.2607555687427521,1.588179349899292,True,4.034294128417969
sample_16,train,unknown,unknown,UNKNOWN,GEN_MED,0.150513157248497,2.4283158779144287,,S3,S3,0.2760438323020935,1.5689942836761475,True,3.997310161590576
sample_17,train,unknown,unknown,UNKNOWN,GEN_MED,0.14791002869606018,2.4439697265625,,S3,S3,0.25289249420166016,1.5966278314590454,True,4.040597438812256
sample_18,train,unknown,unknown,UNKNOWN,GEN_MED,0.1345657855272293,2.493208885192871,,S3,S1,0.28994089365005493,1.5645695924758911,False,4.057778358459473
sample_19,train,unknown,unknown,UNKNOWN,GEN_MED,0.13486148416996002,2.493225574493408,,S3,S1,0.2899893522262573,1.5647852420806885,False,4.058011054992676
sample_20,train,unknown,unknown,UNKNOWN,OBGYN,0.18427084386348724,2.436985731124878,,S4,S4,0.3242484927177429,1.5421879291534424,True,3.9791736602783203
sample_21,train,unknown,unknown,UNKNOWN,OBGYN,0.14649152755737305,2.4635894298553467,,S4,S4,0.2933577001094818,1.5747473239898682,True,4.038336753845215
sample_22,train,unknown,unknown,UNKNOWN,GI,0.12184078246355057,2.5021564960479736,,S3,S3,0.3012244999408722,1.570224642753601,True,4.072381019592285
sample_23,train,unknown,unknown,UNKNOWN,PEDS,0.13018672168254852,2.5103976726531982,,S3,S4,0.2672119736671448,1.5695990324020386,False,4.079996585845947
sample_24,train,unknown,unknown,UNKNOWN,PSYCH,0.13868679106235504,2.484130620956421,,S3,S1,0.32084736227989197,1.5283457040786743,False,4.012476444244385
sample_25,train,unknown,unknown,UNKNOWN,OBGYN,0.1352224051952362,2.4687390327453613,,S3,S4,0.34291505813598633,1.5296142101287842,False,3.9983532428741455
sample_26,train,unknown,unknown,UNKNOWN,ENT_OPHTHALMO,0.15028205513954163,2.4595413208007812,,S4,S3,0.34575003385543823,1.471022605895996,False,3.9305639266967773
sample_27,train,unknown,unknown,UNKNOWN,OBGYN,0.13251334428787231,2.503035068511963,,S4,S3,0.23017971217632294,1.5983712673187256,False,4.101406097412109
sample_28,train,unknown,unknown,UNKNOWN,SURGERY,0.1275321990251541,2.487374782562256,,S3,S3,0.2872699201107025,1.5232229232788086,True,4.0105977058410645
sample_29,train,unknown,unknown,UNKNOWN,GEN_MED,0.13944940268993378,2.493351459503174,,S4,S1,0.29039937257766724,1.5511798858642578,False,4.044531345367432
sample_30,train,unknown,unknown,UNKNOWN,OBGYN,0.13457435369491577,2.4953699111938477,,S3,S3,0.2347838133573532,1.600390076637268,True,4.095759868621826
sample_31,train,unknown,unknown,UNKNOWN,PSYCH,0.11285214871168137,2.5120978355407715,,S3,S2,0.23589615523815155,1.5975052118301392,False,4.109602928161621
sample_32,train,unknown,unknown,UNKNOWN,OBGYN,0.14763948321342468,2.437145709991455,,S3,S2,0.24050569534301758,1.5829057693481445,False,4.0200514793396
sample_33,train,unknown,unknown,UNKNOWN,SURGERY,0.18825192749500275,2.445517063140869,,S3,S3,0.3617371618747711,1.5222002267837524,True,3.967717170715332
sample_34,train,unknown,unknown,UNKNOWN,GI,0.12167161703109741,2.502175807952881,,S3,S3,0.3012523651123047,1.5702850818634033,True,4.072461128234863
sample_35,train,unknown,unknown,UNKNOWN,ENT_OPHTHALMO,0.16588063538074493,2.442622423171997,,S3,S4,0.2790059447288513,1.558018445968628,False,4.000640869140625
sample_36,train,unknown,unknown,UNKNOWN,ENT_OPHTHALMO,0.14415811002254486,2.4652810096740723,,S3,S3,0.33137956261634827,1.5309473276138306,True,3.9962282180786133
sample_37,train,unknown,unknown,UNKNOWN,PEDS,0.1260896474123001,2.5054116249084473,,S3,S3,0.33640173077583313,1.5139752626419067,True,4.0193867683410645
sample_38,train,unknown,unknown,UNKNOWN,CARDIO_PULM,0.11580408364534378,2.5047361850738525,,S3,S5,0.2960537075996399,1.5673223733901978,False,4.07205867767334
sample_39,train,unknown,unknown,UNKNOWN,PSYCH,0.13690148293972015,2.4826178550720215,,S3,S1,0.24276868999004364,1.596679449081421,False,4.079297065734863
sample_40,train,unknown,unknown,UNKNOWN,OBGYN,0.11907511949539185,2.5157206058502197,,S2,S3,0.2735828757286072,1.5547057390213013,False,4.0704264640808105
sample_41,train,unknown,unknown,UNKNOWN,PEDS,0.14682447910308838,2.448505163192749,,S2,S3,0.2677937150001526,1.5631316900253296,False,4.011636734008789
sample_42,train,unknown,unknown,UNKNOWN,PSYCH,0.14261965453624725,2.458875894546509,,S1,S3,0.39171308279037476,1.5024394989013672,False,3.961315393447876
sample_43,train,unknown,unknown,UNKNOWN,SURGERY,0.1297777146100998,2.496349811553955,,S1,S4,0.31894350051879883,1.5412170886993408,False,4.037567138671875
sample_44,train,unknown,unknown,UNKNOWN,GEN_MED,0.14768381416797638,2.48578143119812,,S1,S3,0.3677133321762085,1.484790325164795,False,3.970571756362915
sample_45,train,unknown,unknown,UNKNOWN,GEN_MED,0.13439829647541046,2.4932868480682373,,S1,S1,0.29010453820228577,1.5644553899765015,True,4.057742118835449
sample_46,train,unknown,unknown,UNKNOWN,GEN_MED,0.15101657807826996,2.486034393310547,,S2,S4,0.395071417093277,1.4952813386917114,False,3.9813156127929688
sample_47,train,unknown,unknown,UNKNOWN,SURGERY,0.12787431478500366,2.472102403640747,,S1,S3,0.3033628463745117,1.5324859619140625,False,4.0045881271362305
sample_48,train,unknown,unknown,UNKNOWN,GEN_MED,0.12582361698150635,2.4905412197113037,,S2,S3,0.27028700709342957,1.5846202373504639,False,4.075161457061768
sample_49,train,unknown,unknown,UNKNOWN,OBGYN,0.11762861162424088,2.498325824737549,,S2,S5,0.2535432279109955,1.5807175636291504,False,4.079043388366699
